[{"label":"global.menu.reserva.title","authorities":"ROLE_ADMIN","actives":"admin/reserva","state":"admin/reserva({revisadas:null})"},{"label":"global.menu.usuarios","authorities":"ROLE_ADMIN","actives":"admin/profesor, admin/empresa, admin/alumno","subtree":[{"label":"global.menu.profesores","state":"admin/profesor"},{"label":"global.menu.empresas","state":"admin/empresa"},{"label":"global.menu.alumnos","state":"admin/alumno"}]},{"label":"global.menu.paquetescreditos","authorities":"ROLE_ADMIN","state":"admin/paquetecreditos"},{"label":"global.menu.administradores","authorities":"ROLE_ADMIN","state":"admin/admin"},{"label":"global.menu.configuracion","authorities":"ROLE_ADMIN","icon":"glyphicon glyphicon-cog","state":"admin/configuracion"},{"label":"global.menu.account.main","icon":"glyphicon glyphicon-user","authorities":"ROLE_ADMIN, ROLE_COLABORADOR","subtree":[{"label":"admin.changepassword.title","icon":"glyphicon glyphicon-edit","state":"contrasena"},{"label":"global.menu.logout","icon":"glyphicon glyphicon-log-out","state":"logout"}]}]