[{"label":"global.menu.profesores","icon":"glyphicon glyphicon-globe","state":"profesor/list"},{"label":"global.menu.paquetescreditos","icon":"glyphicon glyphicon-shopping-cart","state":"paquetecreditos","authorities":"ROLE_ANONYMOUS, ROLE_ALUMNO"},{"label":"global.menu.miespacio.miagenda","icon":"glyphicon glyphicon-calendar","state":"miespacio/miagenda","authorities":"ROLE_ALUMNO, ROLE_PROFESOR"},{"label":"global.menu.miespacio.miscompras","icon":"glyphicon glyphicon-shopping-cart","state":"miespacio/miscompras","authorities":"ROLE_ALUMNO"},{"label":"global.menu.miespacio.misalumnos","icon":"glyphicon glyphicon-list-alt","state":"miespacio/misalumnos","authorities":"ROLE_EMPRESA"},{"label":"global.menu.miespacio.perfil","icon":"glyphicon glyphicon-user","state":"miespacio/perfil","actives":"miespacio/perfil/contrasena","authorities":"ROLE_AUTHENTICATED","class":"menu-perfil"}]